Source file,Merchant,Description,Date,Amount (USD)
receipt-01.txt,Northbank Office,printer paper,2026-09-02,28.49
receipt-02.txt,Oak Street Books,reference books,2026-09-03,64.30
receipt-03.txt,Harbor Hardware,shelf brackets,2026-09-04,38.25
receipt-04.txt,Linden Print,flyers,2026-09-06,126.00
receipt-05.txt,Union Stationery,notebooks,2026-09-07,48.75
receipt-06.txt,Cedar Workshop,repair tools,2026-09-09,184.50
receipt-07.txt,Corner Market,volunteer snacks,2026-09-12,42.36
receipt-08.txt,Paper Finch,envelopes,2026-09-14,21.60
receipt-09.txt,City Copy,training handouts,2026-09-16,87.50
receipt-10.txt,Northbank Office,labels,2026-09-18,19.79
receipt-11.txt,Harbor Hardware,workshop supplies,2026-09-21,96.25
receipt-12.txt,Linden Print,posters,2026-09-25,142.00
receipt-13.txt,Cedar Workshop,cotton aprons,MISSING — not printed,128.00
receipt-14.txt,Union Stationery,marker packs,MISSING — not printed,36.00
TOTAL,,,14 receipts,1063.79
